case_id,split,equation_name,transform,n_params,optimizer,time_s,final_mse,final_nmse,converged,n_feval,timed_out
BPG0_T0,bpg,BPG0,T0,4,CMA-ES,1.983,1.384071e-09,4.573316e-11,True,4900,False
BPG0_T0,bpg,BPG0,T0,4,DE,4.673,4.656723e-12,1.538697e-13,True,17050,False
BPG0_T0,bpg,BPG0,T0,4,Hybrid,0.467,4.657149e-12,1.538838e-13,True,14,False
BPG0_T0,bpg,BPG0,T0,4,L-BFGS-B,0.847,6.393725e-03,2.112646e-04,False,1240,False
BPG0_T0,bpg,BPG0,T0,4,least_squares,0.62,4.656723e-12,1.538697e-13,True,38,False
BPG10_T0,bpg,BPG10,T0,3,CMA-ES,0.994,2.108668e-08,9.737767e-11,True,1920,False
BPG10_T0,bpg,BPG10,T0,3,DE,1.271,3.899994e-13,1.801006e-15,True,5480,False
BPG10_T0,bpg,BPG10,T0,3,Hybrid,0.008,3.900566e-13,1.801270e-15,True,14,False
BPG10_T0,bpg,BPG10,T0,3,L-BFGS-B,0.075,1.536844e-11,7.097100e-14,True,332,False
BPG10_T0,bpg,BPG10,T0,3,least_squares,0.019,3.899994e-13,1.801006e-15,True,9,False
BPG11_T0,bpg,BPG11,T0,6,CMA-ES,10.201,4.388377e-01,6.043981e-03,False,50240,False
BPG11_T0,bpg,BPG11,T0,6,DE,31.451,4.388377e-01,6.043981e-03,False,129133,False
BPG11_T0,bpg,BPG11,T0,6,Hybrid,0.801,5.639697e-12,7.767388e-14,True,1076,False
BPG11_T0,bpg,BPG11,T0,6,L-BFGS-B,3.471,4.388450e-01,6.044083e-03,False,12495,False
BPG11_T0,bpg,BPG11,T0,6,least_squares,5.503,8.011885e+00,1.103453e-01,False,2558,False
BPG12_T0,bpg,BPG12,T0,4,CMA-ES,3.692,3.709525e+02,5.983996e-01,False,14340,False
BPG12_T0,bpg,BPG12,T0,4,DE,2.183,4.266681e-10,6.882768e-13,True,11420,False
BPG12_T0,bpg,BPG12,T0,4,Hybrid,18.006,4.266681e-10,6.882768e-13,True,28201,False
BPG12_T0,bpg,BPG12,T0,4,L-BFGS-B,0.165,4.487159e+02,7.238430e-01,False,940,False
BPG12_T0,bpg,BPG12,T0,4,least_squares,0.063,6.000355e+02,9.679431e-01,False,59,False
BPG13_T0,bpg,BPG13,T0,7,CMA-ES,6.27,7.112331e-11,8.813461e-11,True,29900,False
BPG13_T0,bpg,BPG13,T0,7,DE,15.148,5.306706e-13,6.575966e-13,True,70222,False
BPG13_T0,bpg,BPG13,T0,7,Hybrid,5.189,5.306706e-13,6.575965e-13,True,7083,False
BPG13_T0,bpg,BPG13,T0,7,L-BFGS-B,0.441,3.883897e-06,4.812848e-06,False,1520,False
BPG13_T0,bpg,BPG13,T0,7,least_squares,0.124,5.306706e-13,6.575965e-13,True,94,False
BPG14_T0,bpg,BPG14,T0,6,CMA-ES,15.822,9.682748e-03,3.066611e-03,False,60000,False
BPG14_T0,bpg,BPG14,T0,6,DE,18.89,9.590331e-03,3.037342e-03,False,104423,False
BPG14_T0,bpg,BPG14,T0,6,Hybrid,18.012,1.283369e-13,4.064541e-14,True,27270,False
BPG14_T0,bpg,BPG14,T0,6,L-BFGS-B,0.187,3.841882e-02,1.216758e-02,False,1106,False
BPG14_T0,bpg,BPG14,T0,6,least_squares,4.932,4.306659e-04,1.363957e-04,False,2778,False
BPG15_T0,bpg,BPG15,T0,4,CMA-ES,3.242,2.252184e+01,4.364790e-01,False,11980,False
BPG15_T0,bpg,BPG15,T0,4,DE,2.738,2.252184e+01,4.364790e-01,False,12685,False
BPG15_T0,bpg,BPG15,T0,4,Hybrid,0.784,1.098624e-12,2.129161e-14,True,1315,False
BPG15_T0,bpg,BPG15,T0,4,L-BFGS-B,0.29,2.252184e+01,4.364790e-01,False,1240,False
BPG15_T0,bpg,BPG15,T0,4,least_squares,0.441,6.567389e-03,1.272776e-04,False,250,False
BPG16_T0,bpg,BPG16,T0,5,CMA-ES,3.94,2.937122e-10,8.834640e-11,True,12240,False
BPG16_T0,bpg,BPG16,T0,5,DE,16.771,5.895062e-12,1.773190e-12,True,47458,False
BPG16_T0,bpg,BPG16,T0,5,Hybrid,0.013,5.895107e-12,1.773204e-12,True,14,False
BPG16_T0,bpg,BPG16,T0,5,L-BFGS-B,0.591,1.204260e-04,3.622324e-05,False,1824,False
BPG16_T0,bpg,BPG16,T0,5,least_squares,0.184,5.895062e-12,1.773190e-12,True,77,False
BPG17_T0,bpg,BPG17,T0,5,CMA-ES,4.2,7.464470e-12,1.187338e-08,False,12880,False
BPG17_T0,bpg,BPG17,T0,5,DE,50.535,7.160026e-12,1.138911e-08,False,150168,False
BPG17_T0,bpg,BPG17,T0,5,Hybrid,0.01,3.670784e-17,5.838942e-14,True,14,False
BPG17_T0,bpg,BPG17,T0,5,L-BFGS-B,0.376,1.795135e-07,2.855435e-04,False,1140,False
BPG17_T0,bpg,BPG17,T0,5,least_squares,2.139,3.670656e-17,5.838738e-14,True,876,False
BPG18_T0,bpg,BPG18,T0,4,CMA-ES,2.88,3.024001e+02,6.257167e-01,False,9960,False
BPG18_T0,bpg,BPG18,T0,4,DE,2.946,4.933688e-10,1.020863e-12,True,15310,False
BPG18_T0,bpg,BPG18,T0,4,Hybrid,18.006,4.933688e-10,1.020863e-12,True,31970,False
BPG18_T0,bpg,BPG18,T0,4,L-BFGS-B,0.225,4.561873e+02,9.439283e-01,False,890,False
BPG18_T0,bpg,BPG18,T0,4,least_squares,0.095,4.278780e+02,8.853517e-01,False,67,False
BPG19_T0,bpg,BPG19,T0,4,CMA-ES,1.069,5.677672e-10,8.100294e-11,True,2040,False
BPG19_T0,bpg,BPG19,T0,4,DE,2.338,6.278181e-13,8.957036e-14,True,9330,False
BPG19_T0,bpg,BPG19,T0,4,Hybrid,18.008,6.278181e-13,8.957036e-14,True,37302,False
BPG19_T0,bpg,BPG19,T0,4,L-BFGS-B,0.296,4.180690e-07,5.964561e-08,False,1295,False
BPG19_T0,bpg,BPG19,T0,4,least_squares,0.067,6.278181e-13,8.957036e-14,True,54,False
BPG1_T0,bpg,BPG1,T0,6,CMA-ES,13.25,2.733686e-05,1.235155e-07,False,44000,False
BPG1_T0,bpg,BPG1,T0,6,DE,56.1,3.522360e-04,1.591499e-06,False,185738,False
BPG1_T0,bpg,BPG1,T0,6,Hybrid,3.842,1.145451e-12,5.175461e-15,True,6335,False
BPG1_T0,bpg,BPG1,T0,6,L-BFGS-B,2.322,4.290441e-05,1.938539e-07,False,9296,False
BPG1_T0,bpg,BPG1,T0,6,least_squares,1.134,1.145001e-12,5.173431e-15,True,251,False
BPG20_T0,bpg,BPG20,T0,7,CMA-ES,1.766,1.423298e-09,9.865964e-11,True,5260,False
BPG20_T0,bpg,BPG20,T0,7,DE,18.079,8.263929e-12,5.728362e-13,True,64490,False
BPG20_T0,bpg,BPG20,T0,7,Hybrid,40.185,8.264043e-12,5.728441e-13,True,55065,False
BPG20_T0,bpg,BPG20,T0,7,L-BFGS-B,0.459,6.016104e-04,4.170222e-05,False,1608,False
BPG20_T0,bpg,BPG20,T0,7,least_squares,15.764,1.890810e-07,1.310665e-08,False,7042,False
BPG21_T0,bpg,BPG21,T0,5,CMA-ES,1.264,2.912721e-14,3.961024e-11,True,1960,False
BPG21_T0,bpg,BPG21,T0,5,DE,23.656,1.953535e-18,2.656622e-15,True,78624,False
BPG21_T0,bpg,BPG21,T0,5,Hybrid,18.011,1.953535e-18,2.656622e-15,True,28170,False
BPG21_T0,bpg,BPG21,T0,5,L-BFGS-B,0.174,4.416385e-08,6.005864e-05,False,510,False
BPG21_T0,bpg,BPG21,T0,5,least_squares,1.372,1.953535e-18,2.656622e-15,True,586,False
BPG22_T0,bpg,BPG22,T0,5,CMA-ES,6.678,1.042892e-08,8.859223e-11,True,25480,False
BPG22_T0,bpg,BPG22,T0,5,DE,7.104,2.212008e-13,1.879070e-15,True,28376,False
BPG22_T0,bpg,BPG22,T0,5,Hybrid,18.008,2.212008e-13,1.879070e-15,True,42327,False
BPG22_T0,bpg,BPG22,T0,5,L-BFGS-B,0.262,3.254520e-01,2.764670e-03,False,1098,False
BPG22_T0,bpg,BPG22,T0,5,least_squares,0.162,5.832689e-02,4.954789e-04,False,107,False
BPG23_T0,bpg,BPG23,T0,4,CMA-ES,0.368,7.830375e-10,5.817441e-11,True,3100,False
BPG23_T0,bpg,BPG23,T0,4,DE,2.389,5.580106e-12,4.145643e-13,True,12245,False
BPG23_T0,bpg,BPG23,T0,4,Hybrid,18.007,5.580106e-12,4.145643e-13,True,31352,False
BPG23_T0,bpg,BPG23,T0,4,L-BFGS-B,0.146,1.496293e-01,1.111644e-02,False,790,False
BPG23_T0,bpg,BPG23,T0,4,least_squares,0.024,5.580106e-12,4.145643e-13,True,20,False
BPG2_T0,bpg,BPG2,T0,4,CMA-ES,3.902,5.158114e-10,8.848377e-11,True,10280,False
BPG2_T0,bpg,BPG2,T0,4,DE,4.08,3.615108e-12,6.201461e-13,True,11335,False
BPG2_T0,bpg,BPG2,T0,4,Hybrid,18.395,3.615108e-12,6.201461e-13,True,30467,False
BPG2_T0,bpg,BPG2,T0,4,L-BFGS-B,0.84,5.420224e+00,9.298008e-01,False,1610,False
BPG2_T0,bpg,BPG2,T0,4,least_squares,0.7,4.114891e+00,7.058803e-01,False,71,False
BPG3_T0,bpg,BPG3,T0,5,CMA-ES,1.716,5.993044e-13,9.893407e-11,True,1880,False
BPG3_T0,bpg,BPG3,T0,5,DE,13.28,4.218411e-14,6.963817e-12,True,50056,False
BPG3_T0,bpg,BPG3,T0,5,Hybrid,18.627,6.560715e-18,1.083053e-15,True,23083,False
BPG3_T0,bpg,BPG3,T0,5,L-BFGS-B,0.633,8.203202e-08,1.354197e-05,False,336,False
BPG3_T0,bpg,BPG3,T0,5,least_squares,9.038,9.804322e-18,1.618512e-15,True,5000,False
BPG4_T0,bpg,BPG4,T0,6,CMA-ES,1.767,3.961878e-10,5.687114e-11,True,3300,False
BPG4_T0,bpg,BPG4,T0,6,DE,14.127,3.623258e-13,5.201040e-14,True,69813,False
BPG4_T0,bpg,BPG4,T0,6,Hybrid,2.684,3.623258e-13,5.201040e-14,True,3745,False
BPG4_T0,bpg,BPG4,T0,6,L-BFGS-B,0.695,2.879239e-04,4.133030e-05,False,1015,False
BPG4_T0,bpg,BPG4,T0,6,least_squares,0.794,3.623258e-13,5.201040e-14,True,160,False
BPG5_T0,bpg,BPG5,T0,6,CMA-ES,1.97,2.579188e-09,9.882571e-11,True,4680,False
BPG5_T0,bpg,BPG5,T0,6,DE,7.226,4.751402e-12,1.820576e-13,True,35706,False
BPG5_T0,bpg,BPG5,T0,6,Hybrid,2.824,4.751404e-12,1.820577e-13,True,4452,False
BPG5_T0,bpg,BPG5,T0,6,L-BFGS-B,1.033,8.391317e-06,3.215267e-07,False,1918,False
BPG5_T0,bpg,BPG5,T0,6,least_squares,0.636,3.940382e-10,1.509820e-11,True,64,False
BPG6_T0,bpg,BPG6,T0,4,CMA-ES,11.891,4.360246e-04,6.666588e-03,False,60000,False
BPG6_T0,bpg,BPG6,T0,4,DE,8.01,6.869338e-05,1.050286e-03,False,40255,False
BPG6_T0,bpg,BPG6,T0,4,Hybrid,0.536,8.159164e-17,1.247494e-15,True,14,False
BPG6_T0,bpg,BPG6,T0,4,L-BFGS-B,0.771,4.986918e-04,7.624737e-03,False,1020,False
BPG6_T0,bpg,BPG6,T0,4,least_squares,0.619,8.117771e-17,1.241165e-15,True,27,False
BPG7_T0,bpg,BPG7,T0,5,CMA-ES,5.568,6.339122e-11,9.576975e-11,True,13480,False
BPG7_T0,bpg,BPG7,T0,5,DE,16.69,2.499212e-13,3.775742e-13,True,48208,False
BPG7_T0,bpg,BPG7,T0,5,Hybrid,0.552,2.499598e-13,3.776326e-13,True,14,False
BPG7_T0,bpg,BPG7,T0,5,L-BFGS-B,0.888,1.228710e-03,1.856302e-03,False,1044,False
BPG7_T0,bpg,BPG7,T0,5,least_squares,0.698,2.499212e-13,3.775742e-13,True,81,False
BPG8_T0,bpg,BPG8,T0,4,CMA-ES,2.161,3.754404e-09,9.218093e-11,True,4800,False
BPG8_T0,bpg,BPG8,T0,4,DE,3.152,1.969699e-11,4.836151e-13,True,15205,False
BPG8_T0,bpg,BPG8,T0,4,Hybrid,0.59,1.969765e-11,4.836315e-13,True,14,False
BPG8_T0,bpg,BPG8,T0,4,L-BFGS-B,1.038,8.349076e-06,2.049928e-07,False,2060,False
BPG8_T0,bpg,BPG8,T0,4,least_squares,1.182,1.969699e-11,4.836151e-13,True,463,False
BPG9_T0,bpg,BPG9,T0,5,CMA-ES,9.868,1.036938e-09,3.332160e-09,False,45880,False
BPG9_T0,bpg,BPG9,T0,5,DE,41.815,1.370338e-09,4.403528e-09,False,150360,False
BPG9_T0,bpg,BPG9,T0,5,Hybrid,18.009,2.465418e-13,7.922524e-13,True,25027,False
BPG9_T0,bpg,BPG9,T0,5,L-BFGS-B,1.169,3.398386e-07,1.092058e-06,False,2190,False
BPG9_T0,bpg,BPG9,T0,5,least_squares,7.898,1.428087e-10,4.589102e-10,False,5602,False
CRK0_T0,crk,CRK0,T0,7,CMA-ES,13.54,6.353535e-13,5.611833e-09,False,44380,False
CRK0_T0,crk,CRK0,T0,7,DE,91.104,2.849894e-14,2.517202e-10,False,210234,False
CRK0_T0,crk,CRK0,T0,7,Hybrid,20.609,3.146431e-16,2.779121e-12,True,38364,False
CRK0_T0,crk,CRK0,T0,7,L-BFGS-B,0.108,3.558233e-07,3.142850e-03,False,368,False
CRK0_T0,crk,CRK0,T0,7,least_squares,63.73,1.226935e-13,1.083704e-09,False,21000,False
CRK10_T0,crk,CRK10,T0,4,CMA-ES,3.997,6.828510e-06,4.955496e-03,False,13020,False
CRK10_T0,crk,CRK10,T0,4,DE,24.016,2.380412e-16,1.727481e-13,True,74770,False
CRK10_T0,crk,CRK10,T0,4,Hybrid,0.541,2.380413e-16,1.727481e-13,True,1147,False
CRK10_T0,crk,CRK10,T0,4,L-BFGS-B,0.354,1.213391e-08,8.805657e-06,False,1100,False
CRK10_T0,crk,CRK10,T0,4,least_squares,0.93,2.380412e-16,1.727481e-13,True,488,False
CRK11_T0,crk,CRK11,T0,3,CMA-ES,0.878,6.903466e-14,7.187950e-11,True,2500,False
CRK11_T0,crk,CRK11,T0,3,DE,5.075,3.195081e-16,3.326746e-13,True,16868,False
CRK11_T0,crk,CRK11,T0,3,Hybrid,0.011,3.196661e-16,3.328391e-13,True,14,False
CRK11_T0,crk,CRK11,T0,3,L-BFGS-B,0.188,3.363916e-07,3.502539e-04,False,628,False
CRK11_T0,crk,CRK11,T0,3,least_squares,0.196,3.195081e-16,3.326746e-13,True,147,False
CRK12_T0,crk,CRK12,T0,4,CMA-ES,3.795,2.494158e-05,6.659794e-03,False,13320,False
CRK12_T0,crk,CRK12,T0,4,DE,3.621,1.945821e-03,5.195646e-01,False,11735,False
CRK12_T0,crk,CRK12,T0,4,Hybrid,18.006,4.797153e-16,1.280915e-13,True,34888,False
CRK12_T0,crk,CRK12,T0,4,L-BFGS-B,0.078,2.037887e-03,5.441478e-01,False,390,False
CRK12_T0,crk,CRK12,T0,4,least_squares,0.39,4.831291e-05,1.290031e-02,False,216,False
CRK13_T0,crk,CRK13,T0,3,CMA-ES,4.599,1.120540e-11,2.132537e-07,False,24060,False
CRK13_T0,crk,CRK13,T0,3,DE,13.442,1.078470e-12,2.052473e-08,False,90102,False
CRK13_T0,crk,CRK13,T0,3,Hybrid,18.003,3.821197e-19,7.272249e-15,True,46304,False
CRK13_T0,crk,CRK13,T0,3,L-BFGS-B,0.037,2.059661e-06,3.919812e-02,False,260,False
CRK13_T0,crk,CRK13,T0,3,least_squares,0.679,3.821186e-19,7.272230e-15,True,595,False
CRK14_T0,crk,CRK14,T0,5,CMA-ES,2.313,2.218381e-13,8.451502e-11,True,10520,False
CRK14_T0,crk,CRK14,T0,5,DE,18.337,4.928892e-17,1.877790e-14,True,74924,False
CRK14_T0,crk,CRK14,T0,5,Hybrid,18.007,4.928892e-17,1.877790e-14,True,30583,False
CRK14_T0,crk,CRK14,T0,5,L-BFGS-B,0.167,4.303021e-04,1.639348e-01,False,612,False
CRK14_T0,crk,CRK14,T0,5,least_squares,0.037,4.928892e-17,1.877790e-14,True,19,False
CRK15_T0,crk,CRK15,T0,5,CMA-ES,3.552,2.264990e-05,2.287755e-03,False,10960,False
CRK15_T0,crk,CRK15,T0,5,DE,8.525,3.321119e-05,3.354500e-03,False,26368,False
CRK15_T0,crk,CRK15,T0,5,Hybrid,18.008,4.455678e-16,4.500462e-14,True,28297,False
CRK15_T0,crk,CRK15,T0,5,L-BFGS-B,0.268,9.451318e-05,9.546314e-03,False,870,False
CRK15_T0,crk,CRK15,T0,5,least_squares,0.22,3.425421e-06,3.459851e-04,False,95,False
CRK16_T0,crk,CRK16,T0,3,CMA-ES,0.505,2.398489e-12,5.552960e-11,True,2460,False
CRK16_T0,crk,CRK16,T0,3,DE,1.406,4.804683e-16,1.112376e-14,True,5974,False
CRK16_T0,crk,CRK16,T0,3,Hybrid,0.007,4.804687e-16,1.112377e-14,True,14,False
CRK16_T0,crk,CRK16,T0,3,L-BFGS-B,0.146,1.313624e-11,3.041291e-10,False,632,False
CRK16_T0,crk,CRK16,T0,3,least_squares,0.119,4.804683e-16,1.112376e-14,True,105,False
CRK17_T0,crk,CRK17,T0,4,CMA-ES,1.598,9.570617e-06,5.847844e-04,False,6740,False
CRK17_T0,crk,CRK17,T0,4,DE,3.286,9.570617e-06,5.847844e-04,False,14655,False
CRK17_T0,crk,CRK17,T0,4,Hybrid,1.141,6.707499e-17,4.098420e-15,True,2688,False
CRK17_T0,crk,CRK17,T0,4,L-BFGS-B,0.264,9.570617e-06,5.847844e-04,False,970,False
CRK17_T0,crk,CRK17,T0,4,least_squares,0.064,9.570617e-06,5.847844e-04,False,48,False
CRK18_T0,crk,CRK18,T0,4,CMA-ES,8.897,2.065334e-13,9.130519e-11,True,34780,False
CRK18_T0,crk,CRK18,T0,4,DE,24.083,9.698954e-18,4.287756e-15,True,115575,False
CRK18_T0,crk,CRK18,T0,4,Hybrid,0.504,9.710251e-18,4.292750e-15,True,835,False
CRK18_T0,crk,CRK18,T0,4,L-BFGS-B,0.147,3.358148e-10,1.484585e-07,False,540,False
CRK18_T0,crk,CRK18,T0,4,least_squares,13.804,9.698954e-18,4.287756e-15,True,8089,False
CRK19_T0,crk,CRK19,T0,6,CMA-ES,6.749,2.480942e-07,2.205415e-03,False,17080,False
CRK19_T0,crk,CRK19,T0,6,DE,53.349,3.762732e-08,3.344853e-04,False,137781,False
CRK19_T0,crk,CRK19,T0,6,Hybrid,1.799,1.809815e-16,1.608821e-12,True,2451,False
CRK19_T0,crk,CRK19,T0,6,L-BFGS-B,0.301,2.079785e-06,1.848810e-02,False,1141,False
CRK19_T0,crk,CRK19,T0,6,least_squares,5.406,4.672783e-08,4.153836e-04,False,2759,False
CRK1_T0,crk,CRK1,T0,5,CMA-ES,3.328,3.712939e-13,9.841456e-11,True,10060,False
CRK1_T0,crk,CRK1,T0,5,DE,42.991,7.013325e-13,1.858940e-10,False,150180,False
CRK1_T0,crk,CRK1,T0,5,Hybrid,1.039,1.018736e-15,2.700245e-13,True,1489,False
CRK1_T0,crk,CRK1,T0,5,L-BFGS-B,0.529,1.178536e-07,3.123809e-05,False,1644,False
CRK1_T0,crk,CRK1,T0,5,least_squares,2.746,1.018721e-15,2.700205e-13,True,1419,False
CRK20_T0,crk,CRK20,T0,4,CMA-ES,2.646,8.048353e-05,3.706170e-02,False,8080,False
CRK20_T0,crk,CRK20,T0,4,DE,1.972,8.048353e-05,3.706170e-02,False,10055,False
CRK20_T0,crk,CRK20,T0,4,Hybrid,18.006,7.062551e-16,3.252220e-13,True,40627,False
CRK20_T0,crk,CRK20,T0,4,L-BFGS-B,0.163,1.550943e-04,7.141904e-02,False,595,False
CRK20_T0,crk,CRK20,T0,4,least_squares,0.231,1.625333e-05,7.484463e-03,False,150,False
CRK21_T0,crk,CRK21,T0,5,CMA-ES,2.922,2.460983e-12,9.679613e-11,True,14000,False
CRK21_T0,crk,CRK21,T0,5,DE,6.845,3.512356e-17,1.381490e-15,True,44256,False
CRK21_T0,crk,CRK21,T0,5,Hybrid,18.007,3.512356e-17,1.381490e-15,True,48269,False
CRK21_T0,crk,CRK21,T0,5,L-BFGS-B,0.266,1.216139e-05,4.783355e-04,False,1200,False
CRK21_T0,crk,CRK21,T0,5,least_squares,0.085,3.512356e-17,1.381490e-15,True,53,False
CRK22_T0,crk,CRK22,T0,9,CMA-ES,22.891,6.253703e-10,3.557727e-07,False,52520,False
CRK22_T0,crk,CRK22,T0,9,DE,110.795,5.825533e-08,3.314142e-05,False,270300,False
CRK22_T0,crk,CRK22,T0,9,Hybrid,109.308,1.367515e-12,7.779785e-10,False,215828,False
CRK22_T0,crk,CRK22,T0,9,L-BFGS-B,1.079,1.550404e-07,8.820236e-05,False,2690,False
CRK22_T0,crk,CRK22,T0,9,least_squares,2.63,6.687910e-11,3.804748e-08,False,773,False
CRK23_T0,crk,CRK23,T0,3,CMA-ES,0.914,6.240268e-14,7.372115e-12,True,2040,False
CRK23_T0,crk,CRK23,T0,3,DE,6.924,6.906768e-16,8.159504e-14,True,35446,False
CRK23_T0,crk,CRK23,T0,3,Hybrid,18.003,6.906768e-16,8.159504e-14,True,44682,False
CRK23_T0,crk,CRK23,T0,3,L-BFGS-B,0.097,1.089396e-11,1.286988e-09,False,640,False
CRK23_T0,crk,CRK23,T0,3,least_squares,0.02,6.906768e-16,8.159504e-14,True,25,False
CRK24_T0,crk,CRK24,T0,5,CMA-ES,17.57,1.190628e-12,1.077772e-09,False,57380,False
CRK24_T0,crk,CRK24,T0,5,DE,45.053,1.483873e-10,1.343221e-07,False,150192,False
CRK24_T0,crk,CRK24,T0,5,Hybrid,0.636,3.490182e-16,3.159357e-13,True,918,False
CRK24_T0,crk,CRK24,T0,5,L-BFGS-B,0.31,1.609849e-06,1.457256e-03,False,966,False
CRK24_T0,crk,CRK24,T0,5,least_squares,21.723,9.928808e-16,8.987684e-13,True,9556,False
CRK25_T0,crk,CRK25,T0,3,CMA-ES,0.419,2.010463e-13,7.731682e-11,True,2020,False
CRK25_T0,crk,CRK25,T0,3,DE,0.883,7.429278e-17,2.857094e-14,True,5494,False
CRK25_T0,crk,CRK25,T0,3,Hybrid,18.004,7.429278e-17,2.857094e-14,True,44215,False
CRK25_T0,crk,CRK25,T0,3,L-BFGS-B,0.079,3.410834e-13,1.311712e-10,False,332,False
CRK25_T0,crk,CRK25,T0,3,least_squares,0.011,7.429278e-17,2.857094e-14,True,9,False
CRK26_T0,crk,CRK26,T0,5,CMA-ES,3.711,5.119901e-08,1.508684e-05,False,11100,False
CRK26_T0,crk,CRK26,T0,5,DE,8.358,5.627993e-07,1.658404e-04,False,28968,False
CRK26_T0,crk,CRK26,T0,5,Hybrid,0.764,1.340264e-17,3.949363e-15,True,1494,False
CRK26_T0,crk,CRK26,T0,5,L-BFGS-B,0.324,5.235271e-06,1.542680e-03,False,1410,False
CRK26_T0,crk,CRK26,T0,5,least_squares,0.144,5.119901e-08,1.508684e-05,False,86,False
CRK27_T0,crk,CRK27,T0,6,CMA-ES,12.664,1.009661e-03,5.560992e-01,False,43320,False
CRK27_T0,crk,CRK27,T0,6,DE,52.039,4.254471e-08,2.343269e-05,False,166161,False
CRK27_T0,crk,CRK27,T0,6,Hybrid,3.842,5.722324e-17,3.151730e-14,True,5274,False
CRK27_T0,crk,CRK27,T0,6,L-BFGS-B,0.349,5.951558e-08,3.277987e-05,False,1421,False
CRK27_T0,crk,CRK27,T0,6,least_squares,3.577,4.254471e-08,2.343269e-05,False,1983,False
CRK28_T0,crk,CRK28,T0,7,CMA-ES,6.615,1.866919e-07,2.441471e-03,False,17460,False
CRK28_T0,crk,CRK28,T0,7,DE,68.755,1.866920e-07,2.441471e-03,False,210234,False
CRK28_T0,crk,CRK28,T0,7,Hybrid,24.806,1.313590e-16,1.717852e-12,True,41767,False
CRK28_T0,crk,CRK28,T0,7,L-BFGS-B,0.733,8.927523e-07,1.167500e-02,False,1984,False
CRK28_T0,crk,CRK28,T0,7,least_squares,0.585,1.866919e-07,2.441471e-03,False,275,False
CRK29_T0,crk,CRK29,T0,8,CMA-ES,11.683,2.481303e-08,1.750234e-05,False,37260,False
CRK29_T0,crk,CRK29,T0,8,DE,73.706,2.290846e-07,1.615891e-04,False,231067,False
CRK29_T0,crk,CRK29,T0,8,Hybrid,51.75,2.528914e-16,1.783817e-13,True,83037,False
CRK29_T0,crk,CRK29,T0,8,L-BFGS-B,0.735,4.496881e-07,3.171960e-04,False,1926,False
CRK29_T0,crk,CRK29,T0,8,least_squares,0.618,2.528830e-16,1.783758e-13,True,258,False
CRK2_T0,crk,CRK2,T0,3,CMA-ES,1.09,6.759876e-15,1.399347e-08,False,5280,False
CRK2_T0,crk,CRK2,T0,3,DE,19.729,2.594656e-14,5.371141e-08,False,90102,False
CRK2_T0,crk,CRK2,T0,3,Hybrid,18.008,2.156302e-17,4.463714e-11,True,34823,False
CRK2_T0,crk,CRK2,T0,3,L-BFGS-B,0.156,1.568711e-11,3.247355e-05,False,652,False
CRK2_T0,crk,CRK2,T0,3,least_squares,6.669,2.156261e-17,4.463629e-11,True,5861,False
CRK30_T0,crk,CRK30,T0,5,CMA-ES,2.922,2.727969e-08,1.245016e-04,False,15940,False
CRK30_T0,crk,CRK30,T0,5,DE,15.241,2.727969e-08,1.245016e-04,False,50218,False
CRK30_T0,crk,CRK30,T0,5,Hybrid,18.008,2.295603e-16,1.047689e-12,True,37883,False
CRK30_T0,crk,CRK30,T0,5,L-BFGS-B,0.347,2.498590e-06,1.140330e-02,False,1194,False
CRK30_T0,crk,CRK30,T0,5,least_squares,2.18,2.727969e-08,1.245016e-04,False,1029,False
CRK31_T0,crk,CRK31,T0,4,CMA-ES,5.556,3.971404e-10,5.425979e-08,False,23800,False
CRK31_T0,crk,CRK31,T0,4,DE,20.197,6.334925e-09,8.655168e-07,False,120135,False
CRK31_T0,crk,CRK31,T0,4,Hybrid,18.006,5.039841e-17,6.885745e-15,True,29127,False
CRK31_T0,crk,CRK31,T0,4,L-BFGS-B,0.104,6.349229e-09,8.674711e-07,False,430,False
CRK31_T0,crk,CRK31,T0,4,least_squares,0.145,5.039841e-17,6.885745e-15,True,93,False
CRK32_T0,crk,CRK32,T0,5,CMA-ES,10.708,3.874134e-07,6.460942e-04,False,60000,False
CRK32_T0,crk,CRK32,T0,5,DE,19.239,1.086806e-07,1.812480e-04,False,90080,False
CRK32_T0,crk,CRK32,T0,5,Hybrid,0.972,2.052359e-16,3.422744e-13,True,1498,False
CRK32_T0,crk,CRK32,T0,5,L-BFGS-B,0.243,3.569625e-07,5.953107e-04,False,864,False
CRK32_T0,crk,CRK32,T0,5,least_squares,21.215,1.086806e-07,1.812480e-04,False,10044,False
CRK33_T0,crk,CRK33,T0,5,CMA-ES,15.808,8.714082e-09,2.112081e-06,False,60000,False
CRK33_T0,crk,CRK33,T0,5,DE,47.942,9.995947e-09,2.422773e-06,False,150180,False
CRK33_T0,crk,CRK33,T0,5,Hybrid,0.894,1.002665e-15,2.430214e-13,True,1290,False
CRK33_T0,crk,CRK33,T0,5,L-BFGS-B,0.703,7.772866e-09,1.883953e-06,False,2208,False
CRK33_T0,crk,CRK33,T0,5,least_squares,2.516,2.212708e-08,5.363064e-06,False,1230,False
CRK34_T0,crk,CRK34,T0,4,CMA-ES,18.266,2.192579e-03,2.650698e-01,False,60000,False
CRK34_T0,crk,CRK34,T0,4,DE,26.552,4.258713e-11,5.148531e-09,False,90465,False
CRK34_T0,crk,CRK34,T0,4,Hybrid,0.754,2.055734e-15,2.485260e-13,True,1217,False
CRK34_T0,crk,CRK34,T0,4,L-BFGS-B,0.196,2.519027e-07,3.045355e-05,False,635,False
CRK34_T0,crk,CRK34,T0,4,least_squares,0.854,2.055659e-15,2.485169e-13,True,500,False
CRK35_T0,crk,CRK35,T0,4,CMA-ES,0.648,1.376916e-11,7.354259e-11,True,1720,False
CRK35_T0,crk,CRK35,T0,4,DE,2.425,3.979074e-16,2.125266e-15,True,14005,False
CRK35_T0,crk,CRK35,T0,4,Hybrid,18.005,3.979074e-16,2.125266e-15,True,38717,False
CRK35_T0,crk,CRK35,T0,4,L-BFGS-B,0.099,1.426865e-10,7.621042e-10,False,595,False
CRK35_T0,crk,CRK35,T0,4,least_squares,0.054,3.979074e-16,2.125266e-15,True,62,False
CRK3_T0,crk,CRK3,T0,6,CMA-ES,5.326,2.616681e-07,1.617573e-04,False,20200,False
CRK3_T0,crk,CRK3,T0,6,DE,43.895,2.742258e-07,1.695201e-04,False,110541,False
CRK3_T0,crk,CRK3,T0,6,Hybrid,6.341,5.648726e-16,3.491913e-13,True,8746,False
CRK3_T0,crk,CRK3,T0,6,L-BFGS-B,0.474,2.952341e-07,1.825070e-04,False,1274,False
CRK3_T0,crk,CRK3,T0,6,least_squares,4.817,2.741726e-07,1.694872e-04,False,1682,False
CRK4_T0,crk,CRK4,T0,5,CMA-ES,2.573,1.336876e-14,2.467427e-11,True,7440,False
CRK4_T0,crk,CRK4,T0,5,DE,6.299,1.526555e-17,2.817512e-14,True,32956,False
CRK4_T0,crk,CRK4,T0,5,Hybrid,2.239,1.526962e-17,2.818262e-14,True,3953,False
CRK4_T0,crk,CRK4,T0,5,L-BFGS-B,0.238,1.780010e-06,3.285304e-03,False,888,False
CRK4_T0,crk,CRK4,T0,5,least_squares,0.041,1.526555e-17,2.817512e-14,True,17,False
CRK5_T0,crk,CRK5,T0,3,CMA-ES,1.486,4.757829e-14,5.254447e-11,True,4220,False
CRK5_T0,crk,CRK5,T0,3,DE,1.776,2.053597e-17,2.267949e-14,True,7744,False
CRK5_T0,crk,CRK5,T0,3,Hybrid,0.008,2.053668e-17,2.268028e-14,True,14,False
CRK5_T0,crk,CRK5,T0,3,L-BFGS-B,0.182,4.764966e-11,5.262329e-08,False,1108,False
CRK5_T0,crk,CRK5,T0,3,least_squares,1.878,2.053597e-17,2.267949e-14,True,1786,False
CRK6_T0,crk,CRK6,T0,3,CMA-ES,1.873,5.380210e-04,8.072090e-02,False,5200,False
CRK6_T0,crk,CRK6,T0,3,DE,1.701,5.380210e-04,8.072090e-02,False,5892,False
CRK6_T0,crk,CRK6,T0,3,Hybrid,18.005,1.550628e-15,2.326453e-13,True,40393,False
CRK6_T0,crk,CRK6,T0,3,L-BFGS-B,0.092,5.380210e-04,8.072091e-02,False,480,False
CRK6_T0,crk,CRK6,T0,3,least_squares,0.158,5.380210e-04,8.072090e-02,False,96,False
CRK7_T0,crk,CRK7,T0,4,CMA-ES,4.233,3.421544e-05,9.486769e-02,False,14940,False
CRK7_T0,crk,CRK7,T0,4,DE,4.333,4.066246e-05,1.127431e-01,False,14295,False
CRK7_T0,crk,CRK7,T0,4,Hybrid,18.009,4.488742e-16,1.244575e-12,True,29522,False
CRK7_T0,crk,CRK7,T0,4,L-BFGS-B,0.192,3.206326e-13,8.890043e-10,False,645,False
CRK7_T0,crk,CRK7,T0,4,least_squares,0.05,4.488742e-16,1.244575e-12,True,27,False
CRK8_T0,crk,CRK8,T0,5,CMA-ES,4.322,8.010712e-13,9.153688e-11,True,17820,False
CRK8_T0,crk,CRK8,T0,5,DE,12.782,2.004317e-17,2.290295e-15,True,38118,False
CRK8_T0,crk,CRK8,T0,5,Hybrid,0.674,2.004317e-17,2.290295e-15,True,910,False
CRK8_T0,crk,CRK8,T0,5,L-BFGS-B,0.285,8.780984e-09,1.003386e-06,False,954,False
CRK8_T0,crk,CRK8,T0,5,least_squares,0.161,1.837303e-06,2.099451e-04,False,80,False
CRK9_T0,crk,CRK9,T0,3,CMA-ES,3.485,5.831999e-11,1.425190e-08,False,15720,False
CRK9_T0,crk,CRK9,T0,3,DE,5.346,5.495588e-16,1.342980e-13,True,21248,False
CRK9_T0,crk,CRK9,T0,3,Hybrid,18.004,5.495588e-16,1.342980e-13,True,36216,False
CRK9_T0,crk,CRK9,T0,3,L-BFGS-B,0.054,8.233688e-08,2.012101e-05,False,316,False
CRK9_T0,crk,CRK9,T0,3,least_squares,0.016,5.495588e-16,1.342980e-13,True,16,False
MatSci0_T0,matsci,MatSci0,T0,7,CMA-ES,11.646,1.365335e-02,1.257035e-06,False,34520,False
MatSci0_T0,matsci,MatSci0,T0,7,DE,33.749,2.447318e+00,2.253193e-04,False,132188,False
MatSci0_T0,matsci,MatSci0,T0,7,Hybrid,18.009,6.360422e-11,5.855904e-15,True,21540,False
MatSci0_T0,matsci,MatSci0,T0,7,L-BFGS-B,0.521,2.447317e+00,2.253193e-04,False,1552,False
MatSci0_T0,matsci,MatSci0,T0,7,least_squares,0.244,2.447317e+00,2.253193e-04,False,112,False
MatSci10_T0,matsci,MatSci10,T0,8,CMA-ES,34.388,3.132780e+04,3.616035e-04,False,60000,False
MatSci10_T0,matsci,MatSci10,T0,8,DE,89.454,1.133271e+05,1.308087e-03,False,240807,False
MatSci10_T0,matsci,MatSci10,T0,8,Hybrid,1.354,2.194664e-06,2.533207e-14,True,1,False
MatSci10_T0,matsci,MatSci10,T0,8,L-BFGS-B,0.013,1.000000e+20,1.154257e+12,False,27,False
MatSci10_T0,matsci,MatSci10,T0,8,least_squares,0.012,1.000000e+20,1.154257e+12,False,3,False
MatSci11_T0,matsci,MatSci11,T0,6,CMA-ES,24.375,4.979339e-07,9.766372e-11,True,53520,False
MatSci11_T0,matsci,MatSci11,T0,6,DE,36.464,8.932056e-02,1.751915e-05,False,72423,False
MatSci11_T0,matsci,MatSci11,T0,6,Hybrid,20.148,9.725798e-11,1.907598e-14,True,35303,False
MatSci11_T0,matsci,MatSci11,T0,6,L-BFGS-B,0.225,1.185668e+02,2.325544e-02,False,700,False
MatSci11_T0,matsci,MatSci11,T0,6,least_squares,0.093,7.822328e+01,1.534255e-02,False,60,False
MatSci12_T0,matsci,MatSci12,T0,8,CMA-ES,6.016,2.633921e+01,1.924352e-01,False,14280,False
MatSci12_T0,matsci,MatSci12,T0,8,DE,73.756,4.207855e-03,3.074275e-05,False,197914,False
MatSci12_T0,matsci,MatSci12,T0,8,Hybrid,112.765,4.168989e-03,3.045879e-05,False,214864,False
MatSci12_T0,matsci,MatSci12,T0,8,L-BFGS-B,0.246,1.960215e+02,1.432140e+00,False,855,False
MatSci12_T0,matsci,MatSci12,T0,8,least_squares,0.116,1.934182e+02,1.413121e+00,False,65,False
MatSci13_T0,matsci,MatSci13,T0,5,CMA-ES,1.658,1.085156e-04,4.880565e-08,False,7960,False
MatSci13_T0,matsci,MatSci13,T0,5,DE,6.315,2.357042e+01,1.060096e-02,False,24254,False
MatSci13_T0,matsci,MatSci13,T0,5,Hybrid,39.871,4.229359e-11,1.902184e-14,True,4904,False
MatSci13_T0,matsci,MatSci13,T0,5,L-BFGS-B,0.252,2.357044e+01,1.060097e-02,False,918,False
MatSci13_T0,matsci,MatSci13,T0,5,least_squares,13.696,2.357042e+01,1.060096e-02,False,10032,False
MatSci14_T0,matsci,MatSci14,T0,5,CMA-ES,10.215,4.409188e-03,6.627193e-06,False,46500,False
MatSci14_T0,matsci,MatSci14,T0,5,DE,13.303,1.951805e+01,2.933645e-02,False,38904,False
MatSci14_T0,matsci,MatSci14,T0,5,Hybrid,18.009,1.440888e-11,2.165715e-14,True,28718,False
MatSci14_T0,matsci,MatSci14,T0,5,L-BFGS-B,0.059,1.349052e+03,2.027681e+00,False,174,False
MatSci14_T0,matsci,MatSci14,T0,5,least_squares,0.078,1.951805e+01,2.933645e-02,False,33,False
MatSci16_T0,matsci,MatSci16,T0,5,CMA-ES,3.263,2.113785e-03,6.164467e-08,False,8640,False
MatSci16_T0,matsci,MatSci16,T0,5,DE,4.868,3.029820e+03,8.835913e-02,False,15704,False
MatSci16_T0,matsci,MatSci16,T0,5,Hybrid,40.365,5.231949e-10,1.525802e-14,True,4608,False
MatSci16_T0,matsci,MatSci16,T0,5,L-BFGS-B,0.209,3.029820e+03,8.835913e-02,False,684,False
MatSci16_T0,matsci,MatSci16,T0,5,least_squares,0.095,3.029820e+03,8.835913e-02,False,48,False
MatSci18_T0,matsci,MatSci18,T0,5,CMA-ES,4.442,1.042235e+06,7.487977e-04,False,15340,False
MatSci18_T0,matsci,MatSci18,T0,5,DE,30.435,4.507889e+06,3.238710e-03,False,90628,False
MatSci18_T0,matsci,MatSci18,T0,5,Hybrid,0.032,4.969405e-05,3.570289e-14,True,1,False
MatSci18_T0,matsci,MatSci18,T0,5,L-BFGS-B,0.129,2.149159e+09,1.544072e+00,False,594,False
MatSci18_T0,matsci,MatSci18,T0,5,least_squares,0.044,2.154076e+09,1.547604e+00,False,43,False
MatSci19_T0,matsci,MatSci19,T0,7,CMA-ES,11.056,2.696780e-02,1.088446e-06,False,49740,False
MatSci19_T0,matsci,MatSci19,T0,7,DE,45.41,5.593760e+01,2.257695e-03,False,210394,False
MatSci19_T0,matsci,MatSci19,T0,7,Hybrid,18.007,2.197812e-10,8.870580e-15,True,22464,False
MatSci19_T0,matsci,MatSci19,T0,7,L-BFGS-B,2.015,7.429191e-01,2.998493e-05,False,13760,False
MatSci19_T0,matsci,MatSci19,T0,7,least_squares,1.084,7.429191e-01,2.998493e-05,False,526,False
MatSci1_T0,matsci,MatSci1,T0,7,CMA-ES,14.083,3.303439e-05,4.846284e-07,False,29780,False
MatSci1_T0,matsci,MatSci1,T0,7,DE,40.199,2.118707e-06,3.108232e-08,False,81046,False
MatSci1_T0,matsci,MatSci1,T0,7,Hybrid,5.469,1.050064e-10,1.540487e-12,True,7255,False
MatSci1_T0,matsci,MatSci1,T0,7,L-BFGS-B,0.018,1.000000e+20,1.467042e+18,False,24,False
MatSci1_T0,matsci,MatSci1,T0,7,least_squares,0.015,1.000000e+20,1.467042e+18,False,3,False
MatSci20_T0,matsci,MatSci20,T0,4,CMA-ES,1.75,6.652945e-04,4.821405e-08,False,7200,False
MatSci20_T0,matsci,MatSci20,T0,4,DE,5.431,7.538331e+01,5.463045e-03,False,15205,False
MatSci20_T0,matsci,MatSci20,T0,4,Hybrid,0.013,1.481527e-10,1.073666e-14,True,14,False
MatSci20_T0,matsci,MatSci20,T0,4,L-BFGS-B,0.252,4.684549e+02,3.394903e-02,False,720,False
MatSci20_T0,matsci,MatSci20,T0,4,least_squares,5.155,7.538331e+01,5.463045e-03,False,2720,False
MatSci21_T0,matsci,MatSci21,T0,7,CMA-ES,14.74,1.235429e-06,1.226342e-09,False,50200,False
MatSci21_T0,matsci,MatSci21,T0,7,DE,73.787,2.783637e-04,2.763162e-07,False,199304,False
MatSci21_T0,matsci,MatSci21,T0,7,Hybrid,0.482,2.993998e-11,2.971975e-14,True,735,False
MatSci21_T0,matsci,MatSci21,T0,7,L-BFGS-B,0.071,1.283663e+03,1.274221e+00,False,232,False
MatSci21_T0,matsci,MatSci21,T0,7,least_squares,0.012,1.000000e+20,9.926444e+16,False,3,False
MatSci22_T0,matsci,MatSci22,T0,4,CMA-ES,0.514,1.136298e-09,2.653613e-11,True,2220,False
MatSci22_T0,matsci,MatSci22,T0,4,DE,1.444,4.380731e-10,1.023039e-11,True,5805,False
MatSci22_T0,matsci,MatSci22,T0,4,Hybrid,0.32,4.380733e-10,1.023039e-11,True,681,False
MatSci22_T0,matsci,MatSci22,T0,4,L-BFGS-B,0.008,8.453012e+01,1.974044e+00,False,25,False
MatSci22_T0,matsci,MatSci22,T0,4,least_squares,0.025,4.380731e-10,1.023039e-11,True,16,False
MatSci23_T0,matsci,MatSci23,T0,8,CMA-ES,14.663,9.819885e-05,1.099458e-08,False,60000,False
MatSci23_T0,matsci,MatSci23,T0,8,DE,61.162,1.467502e+01,1.643051e-03,False,207850,False
MatSci23_T0,matsci,MatSci23,T0,8,Hybrid,21.736,1.071925e-10,1.200154e-14,True,32330,False
MatSci23_T0,matsci,MatSci23,T0,8,L-BFGS-B,1.048,4.650520e+01,5.206836e-03,False,4509,False
MatSci23_T0,matsci,MatSci23,T0,8,least_squares,0.012,1.000000e+20,1.119625e+16,False,3,False
MatSci24_T0,matsci,MatSci24,T0,6,CMA-ES,0.972,6.546383e-07,4.862580e-11,True,2880,False
MatSci24_T0,matsci,MatSci24,T0,6,DE,27.447,1.190428e+01,8.842369e-04,False,71283,False
MatSci24_T0,matsci,MatSci24,T0,6,Hybrid,0.009,2.428740e-10,1.804041e-14,True,13,False
MatSci24_T0,matsci,MatSci24,T0,6,L-BFGS-B,0.096,1.413346e+02,1.049817e-02,False,259,False
MatSci24_T0,matsci,MatSci24,T0,6,least_squares,30.89,9.096702e+01,6.756929e-03,False,12001,False
MatSci25_T0,matsci,MatSci25,T0,5,CMA-ES,0.803,1.645301e-08,9.885817e-11,True,3060,False
MatSci25_T0,matsci,MatSci25,T0,5,DE,7.411,2.665375e-05,1.601495e-07,False,26166,False
MatSci25_T0,matsci,MatSci25,T0,5,Hybrid,19.0,1.284640e-10,7.718783e-13,True,28844,False
MatSci25_T0,matsci,MatSci25,T0,5,L-BFGS-B,0.354,2.665375e-05,1.601495e-07,False,918,False
MatSci25_T0,matsci,MatSci25,T0,5,least_squares,0.205,2.665375e-05,1.601495e-07,False,79,False
MatSci28_T0,matsci,MatSci28,T0,7,CMA-ES,8.243,5.669847e-07,8.208397e-11,True,25120,False
MatSci28_T0,matsci,MatSci28,T0,7,DE,32.765,1.718401e+00,2.487777e-04,False,127612,False
MatSci28_T0,matsci,MatSci28,T0,7,Hybrid,0.415,1.245135e-10,1.802617e-14,True,713,False
MatSci28_T0,matsci,MatSci28,T0,7,L-BFGS-B,0.428,8.687740e+00,1.257749e-03,False,1312,False
MatSci28_T0,matsci,MatSci28,T0,7,least_squares,27.256,1.718401e+00,2.487777e-04,False,9024,False
MatSci2_T0,matsci,MatSci2,T0,4,CMA-ES,3.085,3.035003e-02,2.155190e-07,False,7800,False
MatSci2_T0,matsci,MatSci2,T0,4,DE,4.405,1.001416e+05,7.111164e-01,False,13245,False
MatSci2_T0,matsci,MatSci2,T0,4,Hybrid,0.009,4.111238e-09,2.919436e-14,True,14,False
MatSci2_T0,matsci,MatSci2,T0,4,L-BFGS-B,0.09,1.001416e+05,7.111164e-01,False,410,False
MatSci2_T0,matsci,MatSci2,T0,4,least_squares,10.948,1.001460e+05,7.111478e-01,False,8001,False
MatSci3_T0,matsci,MatSci3,T0,8,CMA-ES,24.54,6.080572e-04,6.834233e-07,False,47100,False
MatSci3_T0,matsci,MatSci3,T0,8,DE,100.348,7.650536e-04,8.598787e-07,False,211601,False
MatSci3_T0,matsci,MatSci3,T0,8,Hybrid,9.932,1.549297e-11,1.741325e-14,True,12020,False
MatSci3_T0,matsci,MatSci3,T0,8,L-BFGS-B,0.022,1.000000e+20,1.123946e+17,False,27,False
MatSci3_T0,matsci,MatSci3,T0,8,least_squares,0.02,1.000000e+20,1.123946e+17,False,3,False
MatSci4_T0,matsci,MatSci4,T0,5,CMA-ES,6.848,1.112425e-02,1.899199e-06,False,21780,False
MatSci4_T0,matsci,MatSci4,T0,5,DE,6.382,8.438080e+01,1.440600e-02,False,27754,False
MatSci4_T0,matsci,MatSci4,T0,5,Hybrid,0.495,7.449742e-11,1.271865e-14,True,747,False
MatSci4_T0,matsci,MatSci4,T0,5,L-BFGS-B,0.212,1.562173e+02,2.667038e-02,False,642,False
MatSci4_T0,matsci,MatSci4,T0,5,least_squares,9.683,1.376233e+02,2.349589e-02,False,4585,False
MatSci5_T0,matsci,MatSci5,T0,8,CMA-ES,16.803,7.062155e-04,4.813535e-07,False,49480,False
MatSci5_T0,matsci,MatSci5,T0,8,DE,91.204,2.446874e+00,1.667779e-03,False,240438,False
MatSci5_T0,matsci,MatSci5,T0,8,Hybrid,22.062,1.534982e-10,1.046238e-13,True,23665,False
MatSci5_T0,matsci,MatSci5,T0,8,L-BFGS-B,0.018,1.000000e+20,6.815958e+16,False,27,False
MatSci5_T0,matsci,MatSci5,T0,8,least_squares,0.017,1.000000e+20,6.815958e+16,False,3,False
MatSci6_T0,matsci,MatSci6,T0,5,CMA-ES,0.557,2.670862e+08,2.418062e-01,False,2600,False
MatSci6_T0,matsci,MatSci6,T0,5,DE,25.739,5.651757e+05,5.116813e-04,False,103778,False
MatSci6_T0,matsci,MatSci6,T0,5,Hybrid,1.512,5.118735e-05,4.634242e-14,True,3108,False
MatSci6_T0,matsci,MatSci6,T0,5,L-BFGS-B,0.009,8.054902e+08,7.292498e-01,False,36,False
MatSci6_T0,matsci,MatSci6,T0,5,least_squares,0.627,6.553139e+05,5.932878e-04,False,544,False
MatSci7_T0,matsci,MatSci7,T0,7,CMA-ES,14.517,7.158809e-02,2.841924e-05,False,47020,False
MatSci7_T0,matsci,MatSci7,T0,7,DE,33.624,2.710512e+01,1.076026e-02,False,147142,False
MatSci7_T0,matsci,MatSci7,T0,7,Hybrid,0.483,3.142691e-11,1.247594e-14,True,828,False
MatSci7_T0,matsci,MatSci7,T0,7,L-BFGS-B,0.009,1.000000e+20,3.969827e+16,False,24,False
MatSci7_T0,matsci,MatSci7,T0,7,least_squares,4.231,7.052678e+01,2.799792e-02,False,2362,False
MatSci8_T0,matsci,MatSci8,T0,5,CMA-ES,8.737,9.491326e-07,4.236366e-11,True,29060,False
MatSci8_T0,matsci,MatSci8,T0,5,DE,17.526,9.295213e-01,4.148833e-05,False,64922,False
MatSci8_T0,matsci,MatSci8,T0,5,Hybrid,18.008,3.001156e-10,1.339538e-14,True,31273,False
MatSci8_T0,matsci,MatSci8,T0,5,L-BFGS-B,1.426,1.125668e+00,5.024317e-05,False,4320,False
MatSci8_T0,matsci,MatSci8,T0,5,least_squares,1.448,8.343654e+00,3.724113e-04,False,718,False
MatSci9_T0,matsci,MatSci9,T0,7,CMA-ES,18.15,7.231174e-04,1.972420e-07,False,36920,False
MatSci9_T0,matsci,MatSci9,T0,7,DE,68.285,6.751520e-03,1.841586e-06,False,184198,False
MatSci9_T0,matsci,MatSci9,T0,7,Hybrid,0.502,9.984062e-11,2.723314e-14,True,583,False
MatSci9_T0,matsci,MatSci9,T0,7,L-BFGS-B,0.015,1.000000e+20,2.727662e+16,False,24,False
MatSci9_T0,matsci,MatSci9,T0,7,least_squares,0.014,1.000000e+20,2.727662e+16,False,3,False
PO0_T0,po,PO0,T0,5,CMA-ES,3.892,1.384021e-03,1.787018e-03,False,7800,False
PO0_T0,po,PO0,T0,5,DE,9.875,1.323273e-13,1.708581e-13,True,19962,False
PO0_T0,po,PO0,T0,5,Hybrid,0.019,1.323273e-13,1.708581e-13,True,14,False
PO0_T0,po,PO0,T0,5,L-BFGS-B,0.192,2.791979e-01,3.604942e-01,False,552,False
PO0_T0,po,PO0,T0,5,least_squares,13.618,2.796634e-01,3.610952e-01,False,5069,False
PO10_T0,po,PO10,T0,5,CMA-ES,3.277,1.269459e-03,6.709753e-05,False,8800,False
PO10_T0,po,PO10,T0,5,DE,3.269,1.247385e-13,6.593080e-15,True,11206,False
PO10_T0,po,PO10,T0,5,Hybrid,0.011,1.247385e-13,6.593080e-15,True,14,False
PO10_T0,po,PO10,T0,5,L-BFGS-B,0.117,8.585555e-03,4.537914e-04,False,306,False
PO10_T0,po,PO10,T0,5,least_squares,0.185,1.195556e-01,6.319138e-03,False,115,False
PO11_T0,po,PO11,T0,5,CMA-ES,2.207,1.084470e-04,2.822069e-04,False,7220,False
PO11_T0,po,PO11,T0,5,DE,3.211,8.870348e-16,2.308291e-15,True,13206,False
PO11_T0,po,PO11,T0,5,Hybrid,0.009,8.870348e-16,2.308291e-15,True,14,False
PO11_T0,po,PO11,T0,5,L-BFGS-B,0.057,6.559435e-03,1.706932e-02,False,240,False
PO11_T0,po,PO11,T0,5,least_squares,0.074,4.857372e-03,1.264012e-02,False,81,False
PO12_T0,po,PO12,T0,7,CMA-ES,5.4,2.669982e-03,1.828014e-03,False,11400,False
PO12_T0,po,PO12,T0,7,DE,16.187,2.622617e-14,1.795585e-14,True,42786,False
PO12_T0,po,PO12,T0,7,Hybrid,0.133,2.622617e-14,1.795585e-14,True,168,False
PO12_T0,po,PO12,T0,7,L-BFGS-B,0.017,1.000000e+20,6.846540e+19,False,24,False
PO12_T0,po,PO12,T0,7,least_squares,0.016,1.000000e+20,6.846540e+19,False,3,False
PO13_T0,po,PO13,T0,7,CMA-ES,3.989,6.078411e-05,1.460119e-04,False,8660,False
PO13_T0,po,PO13,T0,7,DE,19.574,1.050902e-14,2.524412e-14,True,48324,False
PO13_T0,po,PO13,T0,7,Hybrid,0.156,1.050902e-14,2.524412e-14,True,168,False
PO13_T0,po,PO13,T0,7,L-BFGS-B,0.481,4.818568e-04,1.157487e-03,False,912,False
PO13_T0,po,PO13,T0,7,least_squares,0.015,1.000000e+20,2.402139e+20,False,4,False
PO14_T0,po,PO14,T0,7,CMA-ES,2.3,1.683507e-12,9.126071e-11,True,7020,False
PO14_T0,po,PO14,T0,7,DE,9.894,1.658913e-14,8.992748e-13,True,30458,False
PO14_T0,po,PO14,T0,7,Hybrid,1.333,1.658913e-14,8.992748e-13,True,1799,False
PO14_T0,po,PO14,T0,7,L-BFGS-B,0.497,2.763790e-06,1.498214e-04,False,1440,False
PO14_T0,po,PO14,T0,7,least_squares,3.191,3.475738e-07,1.884151e-05,False,914,False
PO15_T0,po,PO15,T0,5,CMA-ES,0.418,9.954745e-10,9.648975e-11,True,1520,False
PO15_T0,po,PO15,T0,5,DE,5.586,7.785211e-14,7.546081e-15,True,12756,False
PO15_T0,po,PO15,T0,5,Hybrid,0.01,7.785211e-14,7.546081e-15,True,14,False
PO15_T0,po,PO15,T0,5,L-BFGS-B,0.098,3.079399e-06,2.984812e-07,False,384,False
PO15_T0,po,PO15,T0,5,least_squares,0.119,9.691820e-06,9.394127e-07,False,112,False
PO16_T0,po,PO16,T0,5,CMA-ES,0.561,2.478292e-10,9.759042e-11,True,1500,False
PO16_T0,po,PO16,T0,5,DE,3.235,1.349689e-13,5.314818e-14,True,8206,False
PO16_T0,po,PO16,T0,5,Hybrid,0.016,1.349689e-13,5.314818e-14,True,14,False
PO16_T0,po,PO16,T0,5,L-BFGS-B,0.198,2.455082e+00,9.667646e-01,False,420,False
PO16_T0,po,PO16,T0,5,least_squares,0.179,2.455082e+00,9.667646e-01,False,88,False
PO17_T0,po,PO17,T0,4,CMA-ES,0.249,1.470701e-11,8.146160e-11,True,1180,False
PO17_T0,po,PO17,T0,4,DE,2.046,2.991040e-14,1.656726e-13,True,6285,False
PO17_T0,po,PO17,T0,4,Hybrid,36.004,2.991040e-14,1.656726e-13,True,118687,False
PO17_T0,po,PO17,T0,4,L-BFGS-B,0.059,1.677322e-13,9.290630e-13,True,180,False
PO17_T0,po,PO17,T0,4,least_squares,0.01,2.991040e-14,1.656726e-13,True,6,False
PO18_T0,po,PO18,T0,2,CMA-ES,0.072,1.479985e-10,8.787288e-11,True,600,False
PO18_T0,po,PO18,T0,2,DE,0.274,1.537618e-15,9.129478e-16,True,1503,False
PO18_T0,po,PO18,T0,2,Hybrid,36.003,1.537618e-15,9.129478e-16,True,164738,False
PO18_T0,po,PO18,T0,2,L-BFGS-B,0.004,7.318156e-12,4.345094e-12,True,18,False
PO18_T0,po,PO18,T0,2,least_squares,0.005,1.537618e-15,9.129478e-16,True,6,False
PO19_T0,po,PO19,T0,2,CMA-ES,0.066,1.405692e-12,2.580860e-11,True,620,False
PO19_T0,po,PO19,T0,2,DE,0.223,4.668114e-17,8.570685e-16,True,1703,False
PO19_T0,po,PO19,T0,2,Hybrid,36.003,4.668114e-17,8.570685e-16,True,168188,False
PO19_T0,po,PO19,T0,2,L-BFGS-B,0.005,1.498075e-12,2.750474e-11,True,21,False
PO19_T0,po,PO19,T0,2,least_squares,0.005,4.668114e-17,8.570685e-16,True,6,False
PO1_T0,po,PO1,T0,3,CMA-ES,0.204,8.703614e-11,4.035734e-11,True,760,False
PO1_T0,po,PO1,T0,3,DE,1.19,2.762716e-14,1.281030e-14,True,4174,False
PO1_T0,po,PO1,T0,3,Hybrid,36.005,2.762716e-14,1.281030e-14,True,108963,False
PO1_T0,po,PO1,T0,3,L-BFGS-B,0.014,7.295692e-13,3.382902e-13,True,40,False
PO1_T0,po,PO1,T0,3,least_squares,0.011,2.762716e-14,1.281030e-14,True,6,False
PO20_T0,po,PO20,T0,10,CMA-ES,6.182,5.267036e-05,2.415866e-04,False,16940,False
PO20_T0,po,PO20,T0,10,DE,69.882,3.110508e-16,1.426717e-15,True,182122,False
PO20_T0,po,PO20,T0,10,Hybrid,16.088,3.109372e-16,1.426196e-15,True,15143,False
PO20_T0,po,PO20,T0,10,L-BFGS-B,0.305,5.635984e-05,2.585094e-04,False,946,False
PO20_T0,po,PO20,T0,10,least_squares,0.202,1.298855e-03,5.957545e-03,False,69,False
PO21_T0,po,PO21,T0,2,CMA-ES,0.163,9.723025e-12,3.403681e-11,True,680,False
PO21_T0,po,PO21,T0,2,DE,0.372,8.568417e-14,2.999494e-13,True,1403,False
PO21_T0,po,PO21,T0,2,Hybrid,36.003,8.568417e-14,2.999494e-13,True,107382,False
PO21_T0,po,PO21,T0,2,L-BFGS-B,0.005,1.358262e-13,4.754786e-13,True,12,False
PO21_T0,po,PO21,T0,2,least_squares,0.008,8.568417e-14,2.999494e-13,True,6,False
PO22_T0,po,PO22,T0,6,CMA-ES,1.512,3.937227e-13,2.796813e-11,True,3880,False
PO22_T0,po,PO22,T0,6,DE,39.808,9.589384e-17,6.811827e-15,True,134601,False
PO22_T0,po,PO22,T0,6,Hybrid,1.391,9.598004e-17,6.817949e-15,True,1704,False
PO22_T0,po,PO22,T0,6,L-BFGS-B,0.439,9.316013e-09,6.617637e-07,False,1169,False
PO22_T0,po,PO22,T0,6,least_squares,0.057,9.589384e-17,6.811827e-15,True,19,False
PO23_T0,po,PO23,T0,4,CMA-ES,0.38,9.942431e-12,3.995442e-11,True,1200,False
PO23_T0,po,PO23,T0,4,DE,1.993,2.450902e-15,9.849138e-15,True,5965,False
PO23_T0,po,PO23,T0,4,Hybrid,18.008,2.450902e-15,9.849138e-15,True,26581,False
PO23_T0,po,PO23,T0,4,L-BFGS-B,0.031,3.389727e-14,1.362188e-13,True,125,False
PO23_T0,po,PO23,T0,4,least_squares,0.014,2.450902e-15,9.849138e-15,True,8,False
PO24_T0,po,PO24,T0,5,CMA-ES,13.587,1.113112e-02,5.988821e-02,False,39400,False
PO24_T0,po,PO24,T0,5,DE,6.949,9.236478e-14,4.969455e-13,True,23474,False
PO24_T0,po,PO24,T0,5,Hybrid,0.523,9.236478e-14,4.969455e-13,True,930,False
PO24_T0,po,PO24,T0,5,L-BFGS-B,0.01,1.000000e+20,5.380249e+20,False,18,False
PO24_T0,po,PO24,T0,5,least_squares,0.052,1.113112e-02,5.988821e-02,False,37,False
PO25_T0,po,PO25,T0,2,CMA-ES,0.156,9.928013e-12,3.773607e-11,True,580,False
PO25_T0,po,PO25,T0,2,DE,0.453,1.222087e-13,4.645114e-13,True,1503,False
PO25_T0,po,PO25,T0,2,Hybrid,36.003,1.222087e-13,4.645114e-13,True,111007,False
PO25_T0,po,PO25,T0,2,L-BFGS-B,0.009,5.338387e-12,2.029104e-11,True,18,False
PO25_T0,po,PO25,T0,2,least_squares,0.009,1.222087e-13,4.645114e-13,True,6,False
PO26_T0,po,PO26,T0,6,CMA-ES,2.226,2.303070e-12,2.198597e-11,True,5920,False
PO26_T0,po,PO26,T0,6,DE,4.673,1.681514e-14,1.605236e-13,True,14167,False
PO26_T0,po,PO26,T0,6,Hybrid,0.999,1.681514e-14,1.605236e-13,True,1138,False
PO26_T0,po,PO26,T0,6,L-BFGS-B,0.633,6.890028e-02,6.577478e-01,False,1687,False
PO26_T0,po,PO26,T0,6,least_squares,1.218,1.099147e-02,1.049287e-01,False,520,False
PO27_T0,po,PO27,T0,5,CMA-ES,3.11,4.072507e-09,3.562787e-08,False,7200,False
PO27_T0,po,PO27,T0,5,DE,13.57,9.362748e-09,8.190894e-08,False,31018,False
PO27_T0,po,PO27,T0,5,Hybrid,0.014,6.233492e-14,5.453301e-13,True,14,False
PO27_T0,po,PO27,T0,5,L-BFGS-B,0.139,3.825595e-13,3.346779e-12,True,306,False
PO27_T0,po,PO27,T0,5,least_squares,0.221,4.368864e-08,3.822052e-07,False,121,False
PO28_T0,po,PO28,T0,6,CMA-ES,2.726,2.911006e-06,4.994972e-06,False,8020,False
PO28_T0,po,PO28,T0,6,DE,11.906,1.179810e-15,2.024426e-15,True,38481,False
PO28_T0,po,PO28,T0,6,Hybrid,18.087,1.179810e-15,2.024426e-15,True,32954,False
PO28_T0,po,PO28,T0,6,L-BFGS-B,0.182,6.819033e-03,1.170073e-02,False,462,False
PO28_T0,po,PO28,T0,6,least_squares,0.126,1.379578e-04,2.367206e-04,False,58,False
PO29_T0,po,PO29,T0,7,CMA-ES,2.981,2.995080e-04,1.453050e-03,False,10560,False
PO29_T0,po,PO29,T0,7,DE,13.286,3.536708e-16,1.715819e-15,True,43556,False
PO29_T0,po,PO29,T0,7,Hybrid,0.116,3.536708e-16,1.715819e-15,True,168,False
PO29_T0,po,PO29,T0,7,L-BFGS-B,0.168,4.011916e-03,1.946364e-02,False,656,False
PO29_T0,po,PO29,T0,7,least_squares,0.093,4.428171e-04,2.148308e-03,False,52,False
PO2_T0,po,PO2,T0,7,CMA-ES,3.249,1.951347e-05,1.751255e-04,False,7340,False
PO2_T0,po,PO2,T0,7,DE,21.998,1.376580e-16,1.235424e-15,True,54126,False
PO2_T0,po,PO2,T0,7,Hybrid,0.102,1.376580e-16,1.235424e-15,True,168,False
PO2_T0,po,PO2,T0,7,L-BFGS-B,0.341,9.934494e-02,8.915804e-01,False,744,False
PO2_T0,po,PO2,T0,7,least_squares,0.034,1.118570e-04,1.003871e-03,False,18,False
PO30_T0,po,PO30,T0,6,CMA-ES,1.121,1.120300e-12,4.547044e-12,True,2080,False
PO30_T0,po,PO30,T0,6,DE,15.61,6.618197e-08,2.686176e-07,False,36741,False
PO30_T0,po,PO30,T0,6,Hybrid,0.149,1.285750e-15,5.218565e-15,True,168,False
PO30_T0,po,PO30,T0,6,L-BFGS-B,0.041,3.391527e-02,1.376544e-01,False,98,False
PO30_T0,po,PO30,T0,6,least_squares,0.077,6.842026e-03,2.777022e-02,False,33,False
PO31_T0,po,PO31,T0,5,CMA-ES,1.854,3.656227e-05,8.283999e-06,False,8060,False
PO31_T0,po,PO31,T0,5,DE,6.8,6.943170e-06,1.573130e-06,False,27368,False
PO31_T0,po,PO31,T0,5,Hybrid,18.09,1.001035e-14,2.268068e-15,True,30641,False
PO31_T0,po,PO31,T0,5,L-BFGS-B,0.129,8.193351e-02,1.856386e-02,False,402,False
PO31_T0,po,PO31,T0,5,least_squares,0.071,3.562433e-05,8.071486e-06,False,58,False
PO32_T0,po,PO32,T0,6,CMA-ES,5.931,1.219784e-05,2.052499e-05,False,10600,False
PO32_T0,po,PO32,T0,6,DE,7.926,5.047939e-14,8.494035e-14,True,16147,False
PO32_T0,po,PO32,T0,6,Hybrid,0.157,5.047939e-14,8.494035e-14,True,168,False
PO32_T0,po,PO32,T0,6,L-BFGS-B,0.067,4.620559e-01,7.774895e-01,False,105,False
PO32_T0,po,PO32,T0,6,least_squares,0.141,1.219784e-05,2.052499e-05,False,66,False
PO33_T0,po,PO33,T0,5,CMA-ES,1.732,2.375456e-05,1.175727e-04,False,6880,False
PO33_T0,po,PO33,T0,5,DE,4.142,4.826174e-06,2.388704e-05,False,22168,False
PO33_T0,po,PO33,T0,5,Hybrid,0.008,3.129041e-16,1.548712e-15,True,14,False
PO33_T0,po,PO33,T0,5,L-BFGS-B,0.02,4.428370e-05,2.191812e-04,False,84,False
PO33_T0,po,PO33,T0,5,least_squares,0.1,3.129041e-16,1.548712e-15,True,126,False
PO34_T0,po,PO34,T0,6,CMA-ES,2.288,6.885880e-06,1.041952e-04,False,9060,False
PO34_T0,po,PO34,T0,6,DE,13.133,4.154209e-08,6.286030e-07,False,43821,False
PO34_T0,po,PO34,T0,6,Hybrid,0.082,9.583038e-17,1.450078e-15,True,168,False
PO34_T0,po,PO34,T0,6,L-BFGS-B,0.031,1.733502e-05,2.623086e-04,False,98,False
PO34_T0,po,PO34,T0,6,least_squares,0.008,1.000000e+20,1.513172e+21,False,3,False
PO35_T0,po,PO35,T0,5,CMA-ES,0.575,1.207022e-11,5.061750e-11,True,1440,False
PO35_T0,po,PO35,T0,5,DE,6.528,1.784015e-05,7.481416e-05,False,19318,False
PO35_T0,po,PO35,T0,5,Hybrid,0.013,1.821764e-15,7.639722e-15,True,14,False
PO35_T0,po,PO35,T0,5,L-BFGS-B,0.097,5.030064e-10,2.109400e-09,False,222,False
PO35_T0,po,PO35,T0,5,least_squares,0.011,1.000000e+20,4.193585e+20,False,3,False
PO36_T0,po,PO36,T0,2,CMA-ES,0.19,4.651169e-13,3.912350e-11,True,700,False
PO36_T0,po,PO36,T0,2,DE,0.465,3.464766e-15,2.914402e-13,True,1483,False
PO36_T0,po,PO36,T0,2,Hybrid,36.004,3.464766e-15,2.914402e-13,True,121788,False
PO36_T0,po,PO36,T0,2,L-BFGS-B,0.028,1.052955e-13,8.856976e-12,True,81,False
PO36_T0,po,PO36,T0,2,least_squares,0.009,3.464766e-15,2.914402e-13,True,6,False
PO37_T0,po,PO37,T0,6,CMA-ES,3.083,5.627771e-08,1.447286e-06,False,8800,False
PO37_T0,po,PO37,T0,6,DE,16.084,1.605748e-07,4.129479e-06,False,47601,False
PO37_T0,po,PO37,T0,6,Hybrid,0.01,7.326888e-14,1.884246e-12,True,14,False
PO37_T0,po,PO37,T0,6,L-BFGS-B,0.076,6.784071e-08,1.744650e-06,False,266,False
PO37_T0,po,PO37,T0,6,least_squares,0.117,6.776947e-08,1.742818e-06,False,52,False
PO38_T0,po,PO38,T0,5,CMA-ES,0.703,1.338247e-11,9.922259e-11,True,2000,False
PO38_T0,po,PO38,T0,5,DE,3.619,1.352953e-16,1.003130e-15,True,12806,False
PO38_T0,po,PO38,T0,5,Hybrid,0.014,1.352953e-16,1.003130e-15,True,14,False
PO38_T0,po,PO38,T0,5,L-BFGS-B,0.149,4.589809e-05,3.403055e-04,False,390,False
PO38_T0,po,PO38,T0,5,least_squares,12.285,4.589806e-05,3.403053e-04,False,5054,False
PO39_T0,po,PO39,T0,7,CMA-ES,6.312,5.577204e-07,8.390735e-06,False,11420,False
PO39_T0,po,PO39,T0,7,DE,27.625,1.379975e-07,2.076131e-06,False,62534,False
PO39_T0,po,PO39,T0,7,Hybrid,0.138,2.060290e-14,3.099645e-13,True,168,False
PO39_T0,po,PO39,T0,7,L-BFGS-B,0.164,2.743085e-08,4.126889e-07,False,496,False
PO39_T0,po,PO39,T0,7,least_squares,0.155,1.024732e-06,1.541679e-05,False,76,False
PO3_T0,po,PO3,T0,3,CMA-ES,0.28,1.333797e-13,7.452376e-11,True,1120,False
PO3_T0,po,PO3,T0,3,DE,0.952,1.589705e-15,8.882219e-13,True,4564,False
PO3_T0,po,PO3,T0,3,Hybrid,36.004,1.589705e-15,8.882219e-13,True,109172,False
PO3_T0,po,PO3,T0,3,L-BFGS-B,0.039,4.233952e-11,2.365651e-08,False,140,False
PO3_T0,po,PO3,T0,3,least_squares,0.015,1.589705e-15,8.882219e-13,True,10,False
PO40_T0,po,PO40,T0,8,CMA-ES,4.625,4.357520e-02,7.015585e-04,False,12280,False
PO40_T0,po,PO40,T0,8,DE,26.253,1.462695e-03,2.354931e-05,False,64507,False
PO40_T0,po,PO40,T0,8,Hybrid,18.166,1.994242e-13,3.210719e-15,True,35828,False
PO40_T0,po,PO40,T0,8,L-BFGS-B,0.06,4.856064e-02,7.818238e-04,False,171,False
PO40_T0,po,PO40,T0,8,least_squares,0.013,1.000000e+20,1.609995e+18,False,3,False
PO41_T0,po,PO41,T0,4,CMA-ES,0.459,1.227144e-12,8.484172e-11,True,1660,False
PO41_T0,po,PO41,T0,4,DE,1.507,1.627063e-17,1.124911e-15,True,5805,False
PO41_T0,po,PO41,T0,4,Hybrid,0.015,1.627063e-17,1.124911e-15,True,14,False
PO41_T0,po,PO41,T0,4,L-BFGS-B,0.072,6.735802e-05,4.656968e-03,False,230,False
PO41_T0,po,PO41,T0,4,least_squares,0.095,1.627063e-17,1.124911e-15,True,94,False
PO42_T0,po,PO42,T0,5,CMA-ES,3.643,3.647586e-11,2.363851e-09,False,8600,False
PO42_T0,po,PO42,T0,5,DE,10.653,9.654301e-11,6.256559e-09,False,31818,False
PO42_T0,po,PO42,T0,5,Hybrid,0.016,2.028368e-14,1.314503e-12,True,14,False
PO42_T0,po,PO42,T0,5,L-BFGS-B,0.082,3.262452e-10,2.114262e-08,False,174,False
PO42_T0,po,PO42,T0,5,least_squares,0.163,4.362075e-11,2.826883e-09,False,93,False
PO43_T0,po,PO43,T0,6,CMA-ES,3.672,4.196521e-07,1.315450e-05,False,8540,False
PO43_T0,po,PO43,T0,6,DE,6.117,9.857683e-15,3.090008e-13,True,19267,False
PO43_T0,po,PO43,T0,6,Hybrid,0.015,9.857683e-15,3.090008e-13,True,14,False
PO43_T0,po,PO43,T0,6,L-BFGS-B,0.432,2.272591e-06,7.123705e-05,False,945,False
PO43_T0,po,PO43,T0,6,least_squares,0.154,6.950766e-05,2.178800e-03,False,88,False
PO4_T0,po,PO4,T0,6,CMA-ES,2.794,1.409555e-04,8.431642e-05,False,7440,False
PO4_T0,po,PO4,T0,6,DE,8.513,1.934726e-14,1.157310e-14,True,24494,False
PO4_T0,po,PO4,T0,6,Hybrid,0.093,1.934726e-14,1.157310e-14,True,168,False
PO4_T0,po,PO4,T0,6,L-BFGS-B,0.01,1.000000e+20,5.981775e+19,False,21,False
PO4_T0,po,PO4,T0,6,least_squares,0.009,1.000000e+20,5.981775e+19,False,3,False
PO5_T0,po,PO5,T0,7,CMA-ES,2.761,1.070413e-05,7.796608e-05,False,8940,False
PO5_T0,po,PO5,T0,7,DE,16.492,2.791946e-16,2.033581e-15,True,39978,False
PO5_T0,po,PO5,T0,7,Hybrid,0.104,2.791946e-16,2.033581e-15,True,168,False
PO5_T0,po,PO5,T0,7,L-BFGS-B,0.099,6.881362e-04,5.012206e-03,False,344,False
PO5_T0,po,PO5,T0,7,least_squares,0.06,3.340359e-05,2.433031e-04,False,46,False
PO6_T0,po,PO6,T0,5,CMA-ES,0.671,1.194437e-12,6.486091e-11,True,2300,False
PO6_T0,po,PO6,T0,5,DE,3.257,8.661109e-17,4.703199e-15,True,11106,False
PO6_T0,po,PO6,T0,5,Hybrid,0.947,8.661109e-17,4.703199e-15,True,1411,False
PO6_T0,po,PO6,T0,5,L-BFGS-B,0.137,1.073738e-02,5.830667e-01,False,456,False
PO6_T0,po,PO6,T0,5,least_squares,7.913,6.371018e-03,3.459622e-01,False,5045,False
PO7_T0,po,PO7,T0,6,CMA-ES,4.148,1.459430e-02,1.155184e-02,False,9380,False
PO7_T0,po,PO7,T0,6,DE,7.785,1.053873e-14,8.341736e-15,True,14767,False
PO7_T0,po,PO7,T0,6,Hybrid,18.181,1.053873e-14,8.341736e-15,True,32415,False
PO7_T0,po,PO7,T0,6,L-BFGS-B,0.013,1.000000e+20,7.915312e+19,False,21,False
PO7_T0,po,PO7,T0,6,least_squares,0.012,1.000000e+20,7.915312e+19,False,3,False
PO8_T0,po,PO8,T0,4,CMA-ES,1.512,2.665064e-03,1.023519e-03,False,6540,False
PO8_T0,po,PO8,T0,4,DE,2.99,2.665064e-03,1.023519e-03,False,10535,False
PO8_T0,po,PO8,T0,4,Hybrid,18.059,1.551266e-14,5.957641e-15,True,39691,False
PO8_T0,po,PO8,T0,4,L-BFGS-B,0.083,2.204932e+00,8.468050e-01,False,305,False
PO8_T0,po,PO8,T0,4,least_squares,0.04,1.266203e+00,4.862855e-01,False,56,False
PO9_T0,po,PO9,T0,7,CMA-ES,4.586,2.126598e-06,3.508018e-06,False,9800,False
PO9_T0,po,PO9,T0,7,DE,6.453,1.406214e-14,2.319679e-14,True,20448,False
PO9_T0,po,PO9,T0,7,Hybrid,0.15,1.406214e-14,2.319679e-14,True,168,False
PO9_T0,po,PO9,T0,7,L-BFGS-B,0.137,3.554700e-05,5.863805e-05,False,296,False
PO9_T0,po,PO9,T0,7,least_squares,0.043,4.808606e-04,7.932239e-04,False,16,False
